{
  "method": "fedavg",
  "scenario": "FR_S3_non_congruent_non_iid",
  "created_at_utc": "2026-03-03T12:01:58+00:00",
  "num_seeds": 3,
  "seeds": [
    7,
    11,
    17
  ],
  "final_test": {
    "auroc": {
      "mean": 0.6346593112671347,
      "std": 0.13679136593398936
    },
    "auprc": {
      "mean": 0.3150007080869151,
      "std": 0.0977656838934557
    },
    "acc": {
      "mean": 0.5936915263298583,
      "std": 0.21114878094943568
    },
    "f1": {
      "mean": 0.395528982106121,
      "std": 0.08440285263433123
    },
    "loss": {
      "mean": 0.5300351067186517,
      "std": 0.02129725162978969
    }
  },
  "best_test": {
    "auroc": {
      "mean": 0.5751133400200602,
      "std": 0.10377977210622809
    },
    "auprc": {
      "mean": 0.26171441275904994,
      "std": 0.05591525664245724
    },
    "acc": {
      "mean": 0.5696337877572842,
      "std": 0.07214449912335646
    },
    "f1": {
      "mean": 0.31729751282982427,
      "std": 0.09804708987002565
    },
    "loss": {
      "mean": 0.6368247347539583,
      "std": 0.03905653768549127
    }
  }
}