{
  "method": "fedavg_concat",
  "scenario": "FR_S0_congruent_iid",
  "created_at_utc": "2026-03-06T14:49:28+00:00",
  "num_seeds": 3,
  "seeds": [
    7,
    11,
    17
  ],
  "final_test": {
    "auroc": {
      "mean": 0.931049147442327,
      "std": 0.001714982366270576
    },
    "auprc": {
      "mean": 0.8123747019271289,
      "std": 0.0038745244245942455
    },
    "acc": {
      "mean": 0.8861267040898154,
      "std": 0.006547687096453273
    },
    "f1": {
      "mean": 0.7108312304269511,
      "std": 0.0035763241012986406
    },
    "loss": {
      "mean": 0.2558045110385691,
      "std": 0.003134164913190129
    }
  },
  "best_test": {
    "auroc": {
      "mean": 0.9307970578401873,
      "std": 0.0018021273459669345
    },
    "auprc": {
      "mean": 0.8114932867395327,
      "std": 0.0035761822857217837
    },
    "acc": {
      "mean": 0.884790163058006,
      "std": 0.00491440158001878
    },
    "f1": {
      "mean": 0.709923491811595,
      "std": 0.004969138966652796
    },
    "loss": {
      "mean": 0.2574182075464018,
      "std": 0.001704965587967333
    }
  }
}