{
  "client_0": {
    "auprc": 0.7633980768403177,
    "auroc": 0.905159478435306,
    "f1": 0.6692913385826772,
    "acc": 0.8652766639935846,
    "loss": 0.38245449562309836
  },
  "client_1": {
    "auprc": 0.7789981040798191,
    "auroc": 0.9137572718154463,
    "f1": 0.6655896607431341,
    "acc": 0.8340016038492382,
    "loss": 0.33953272047622163
  },
  "client_2": {
    "auprc": 0.7587942287323243,
    "auroc": 0.897494483450351,
    "f1": 0.6680851063829787,
    "acc": 0.8748997594226142,
    "loss": 0.37562924606162446
  },
  "client_3": {
    "auprc": 0.7998098308186239,
    "auroc": 0.9233099297893681,
    "f1": 0.702054794520548,
    "acc": 0.8604651162790697,
    "loss": 0.3032515377236445
  },
  "client_4": {
    "auprc": 0.7546896478265306,
    "auroc": 0.8916349047141425,
    "f1": 0.6389496717724289,
    "acc": 0.867682437850842,
    "loss": 0.38771658192994407
  },
  "client_5": {
    "auprc": 0.768961348819414,
    "auroc": 0.8899999999999999,
    "f1": 0.654300168634064,
    "acc": 0.8356054530874097,
    "loss": 0.3785032866150738
  },
  "client_6": {
    "auprc": 0.7589586016992202,
    "auroc": 0.9084934804413238,
    "f1": 0.6677908937605397,
    "acc": 0.8420208500400962,
    "loss": 0.3700015577663157
  },
  "client_7": {
    "auprc": 0.7523573983632508,
    "auroc": 0.9121524573721165,
    "f1": 0.6963906581740976,
    "acc": 0.8853247794707297,
    "loss": 0.3694936507310548
  },
  "client_8": {
    "auprc": 0.7667981707918224,
    "auroc": 0.8950531594784352,
    "f1": 0.6410256410256411,
    "acc": 0.8203688853247795,
    "loss": 0.3455221161975226
  },
  "client_9": {
    "auprc": 0.7474991009900769,
    "auroc": 0.8908284854563691,
    "f1": 0.6782945736434108,
    "acc": 0.8668805132317562,
    "loss": 0.41245805396031476
  }
}