{
  "method": "ditto_concat_personal",
  "scenario": "FR_S0_congruent_iid",
  "seed": 7,
  "loss": 0.25669571029482036,
  "auroc": 0.9304633901705115,
  "auprc": 0.8140051464921211,
  "acc": 0.8765036086607859,
  "f1": 0.7126865671641791,
  "threshold": 0.32999999999999996,
  "is_personalized": true,
  "variant": "personal"
}