{
  "method": "fedavg_mean",
  "scenario": "FR_S0_congruent_iid",
  "seed": 7,
  "loss": 0.25431421769554363,
  "auroc": 0.9328746238716148,
  "auprc": 0.8114727861879758,
  "acc": 0.8853247794707297,
  "f1": 0.72552783109405,
  "threshold": 0.295,
  "is_personalized": false
}