{
  "method": "fedavg_concat",
  "scenario": "FR_S2_non_congruent_iid",
  "created_at_utc": "2026-03-11T10:05:26+00:00",
  "num_seeds": 3,
  "seeds": [
    7,
    11,
    17
  ],
  "final_test": {
    "auroc": {
      "mean": 0.9257666332330325,
      "std": 0.0011756307937293119
    },
    "auprc": {
      "mean": 0.7879354230126996,
      "std": 0.008189115304013395
    },
    "acc": {
      "mean": 0.8834536220261962,
      "std": 0.0020003514497588617
    },
    "f1": {
      "mean": 0.702155742310807,
      "std": 0.004848472063252276
    },
    "loss": {
      "mean": 0.26825666205349596,
      "std": 0.001704993691205055
    }
  },
  "best_test": {
    "auroc": {
      "mean": 0.9258000668672685,
      "std": 0.0012069332649879353
    },
    "auprc": {
      "mean": 0.7878371123791398,
      "std": 0.008136501689228198
    },
    "acc": {
      "mean": 0.8829190056134723,
      "std": 0.001309537419290682
    },
    "f1": {
      "mean": 0.7003484433800772,
      "std": 0.004771965771244063
    },
    "loss": {
      "mean": 0.26714344813013674,
      "std": 0.0024056601058710073
    }
  }
}