{
  "method": "fedgate",
  "scenario": "FR_S1_congruent_non_iid",
  "created_at_utc": "2026-03-02T23:02:09+00:00",
  "num_seeds": 3,
  "seeds": [
    7,
    11,
    17
  ],
  "final_test": {
    "auroc": {
      "mean": 0.917238381812103,
      "std": 0.008870987344783143
    },
    "auprc": {
      "mean": 0.7689047625774105,
      "std": 0.021450338592556822
    },
    "acc": {
      "mean": 0.8773055332798717,
      "std": 0.008809012057355816
    },
    "f1": {
      "mean": 0.6819976112881639,
      "std": 0.018014226269485387
    },
    "loss": {
      "mean": 0.40913209695582636,
      "std": 0.05560007724351121
    }
  },
  "best_test": {
    "auroc": {
      "mean": 0.9172009361417586,
      "std": 0.008871567361967992
    },
    "auprc": {
      "mean": 0.768840425989485,
      "std": 0.021446471525408635
    },
    "acc": {
      "mean": 0.8770382250735098,
      "std": 0.009652750647028994
    },
    "f1": {
      "mean": 0.6848022766291141,
      "std": 0.01851237465258963
    },
    "loss": {
      "mean": 0.4096164448831434,
      "std": 0.056003826813651424
    }
  }
}