{
  "client_0": {
    "auprc": 0.7517795217502197,
    "auroc": 0.8956028084252758,
    "f1": 0.7006109979633401,
    "acc": 0.8821170809943866,
    "loss": 0.35830295382854743
  },
  "client_1": {
    "auprc": 0.7761770004321549,
    "auroc": 0.9045957873620862,
    "f1": 0.6604215456674473,
    "acc": 0.8837209302325582,
    "loss": 0.4393597272282232
  },
  "client_2": {
    "auprc": 0.7706143749579983,
    "auroc": 0.9114904714142428,
    "f1": 0.680628272251309,
    "acc": 0.8532477947072975,
    "loss": 0.3640415678943456
  },
  "client_3": {
    "auprc": 0.7759574559965303,
    "auroc": 0.9147803410230693,
    "f1": 0.6766595289079229,
    "acc": 0.8789093825180433,
    "loss": 0.3522875870203819
  },
  "client_4": {
    "auprc": 0.780291711703573,
    "auroc": 0.9048304914744233,
    "f1": 0.6875,
    "acc": 0.8957497995188453,
    "loss": 0.3711511542857793
  },
  "client_5": {
    "auprc": 0.7403796535032923,
    "auroc": 0.890876629889669,
    "f1": 0.6527777777777778,
    "acc": 0.8797113071371291,
    "loss": 0.36461618257448997
  },
  "client_6": {
    "auprc": 0.7663332294501667,
    "auroc": 0.8819799398194583,
    "f1": 0.6796536796536796,
    "acc": 0.8813151563753007,
    "loss": 0.3728618862700395
  },
  "client_7": {
    "auprc": 0.7591527244081384,
    "auroc": 0.9123149448345036,
    "f1": 0.6859504132231405,
    "acc": 0.8781074578989575,
    "loss": 0.3284717532354254
  },
  "client_8": {
    "auprc": 0.7258023557752318,
    "auroc": 0.8842768304914743,
    "f1": 0.6666666666666666,
    "acc": 0.8660785886126704,
    "loss": 0.441268111449915
  },
  "client_9": {
    "auprc": 0.7376864082716894,
    "auroc": 0.8870270812437312,
    "f1": 0.6390243902439025,
    "acc": 0.8813151563753007,
    "loss": 0.3794400758709708
  }
}