{
  "method": "ditto_concat_global",
  "scenario": "FR_S1_congruent_non_iid",
  "created_at_utc": "2026-03-10T16:56:29+00:00",
  "num_seeds": 3,
  "seeds": [
    7,
    11,
    17
  ],
  "final_test": {
    "auroc": {
      "mean": 0.8986666666666667,
      "std": 0.01926178642386462
    },
    "auprc": {
      "mean": 0.7247941680992925,
      "std": 0.03816995517703288
    },
    "acc": {
      "mean": 0.8278535151029137,
      "std": 0.04007127442169153
    },
    "f1": {
      "mean": 0.23076923076923075,
      "std": 0.3263569759322527
    },
    "loss": {
      "mean": 2.0656665725739556,
      "std": 1.2465475405545567
    }
  },
  "best_test": {
    "auroc": {
      "mean": 0.8983751253761284,
      "std": 0.019510750084388906
    },
    "auprc": {
      "mean": 0.7248549420628342,
      "std": 0.03815892770732645
    },
    "acc": {
      "mean": 0.8278535151029137,
      "std": 0.04007127442169153
    },
    "f1": {
      "mean": 0.23076923076923075,
      "std": 0.3263569759322527
    },
    "loss": {
      "mean": 2.0745545688740745,
      "std": 1.2524024796983795
    }
  }
}