{
  "method": "fedavg",
  "scenario": "FR_S0_congruent_iid",
  "created_at_utc": "2026-03-03T11:18:29+00:00",
  "num_seeds": 3,
  "seeds": [
    7,
    11,
    17
  ],
  "final_test": {
    "auroc": {
      "mean": 0.9305188900033433,
      "std": 0.001706370677465582
    },
    "auprc": {
      "mean": 0.8042362352165218,
      "std": 0.0059576164028994115
    },
    "acc": {
      "mean": 0.8882651697407109,
      "std": 0.0020003514497588717
    },
    "f1": {
      "mean": 0.7160641124864019,
      "std": 0.007940984224948941
    },
    "loss": {
      "mean": 0.2580901867157634,
      "std": 0.0020997982627398892
    }
  },
  "best_test": {
    "auroc": {
      "mean": 0.9301056502841859,
      "std": 0.0014935567447029493
    },
    "auprc": {
      "mean": 0.8025598396755403,
      "std": 0.005653125870238163
    },
    "acc": {
      "mean": 0.88398823843892,
      "std": 0.0029525156421243604
    },
    "f1": {
      "mean": 0.7186765787291916,
      "std": 0.005610044419850466
    },
    "loss": {
      "mean": 0.25933235244010416,
      "std": 0.0015131001618414615
    }
  }
}