{
  "method": "fedavg",
  "scenario_name": "FR_S0_congruent_iid",
  "num_seeds": 1,
  "summary": {
    "loss": {
      "mean": 0.6895953357219696,
      "std": 0.0
    },
    "acc": {
      "mean": 0.20048115477145148,
      "std": 0.0
    },
    "f1": {
      "mean": 0.33400133600534404,
      "std": 0.0
    },
    "auroc": {
      "mean": 0.3672441323971916,
      "std": 0.0
    },
    "auprc": {
      "mean": 0.16689540639620562,
      "std": 0.0
    },
    "client_acc_std": {
      "mean": 0.0,
      "std": 0.0
    },
    "client_auroc_std": {
      "mean": 0.10770801096018812,
      "std": 0.0
    },
    "client_auprc_std": {
      "mean": 0.028991664453667906,
      "std": 0.0
    },
    "client_acc_gap": {
      "mean": 0.0,
      "std": 0.0
    },
    "client_auroc_gap": {
      "mean": 0.36874999999999997,
      "std": 0.0
    },
    "client_auprc_gap": {
      "mean": 0.09841715510178359,
      "std": 0.0
    }
  }
}