{
  "method": "fedgate",
  "scenario": "FR_S0_congruent_iid",
  "created_at_utc": "2026-03-06T20:52:21+00:00",
  "num_seeds": 3,
  "seeds": [
    7,
    11,
    17
  ],
  "final_test": {
    "auroc": {
      "mean": 0.9269809428284854,
      "std": 0.000611176344422608
    },
    "auprc": {
      "mean": 0.8022375445930945,
      "std": 0.0015685962048125118
    },
    "acc": {
      "mean": 0.8789093825180433,
      "std": 0.006645176634405776
    },
    "f1": {
      "mean": 0.7001727369177618,
      "std": 0.00795046649599659
    },
    "loss": {
      "mean": 0.2645807539200525,
      "std": 0.0014855190393367134
    }
  },
  "best_test": {
    "auroc": {
      "mean": 0.9268579070544968,
      "std": 0.0005059868782987574
    },
    "auprc": {
      "mean": 0.7992886843087671,
      "std": 0.004408115429594274
    },
    "acc": {
      "mean": 0.8746324512162523,
      "std": 0.004359664910531996
    },
    "f1": {
      "mean": 0.707410381623404,
      "std": 0.007658785814722128
    },
    "loss": {
      "mean": 0.26400577393798486,
      "std": 0.001647698865146994
    }
  }
}