{
  "method": "fedavg_concat",
  "scenario": "FR_S1_congruent_non_iid",
  "created_at_utc": "2026-03-07T05:00:18+00:00",
  "num_seeds": 3,
  "seeds": [
    7,
    11,
    17
  ],
  "final_test": {
    "auroc": {
      "mean": 0.8982026078234705,
      "std": 0.020087471706481074
    },
    "auprc": {
      "mean": 0.7235704325692507,
      "std": 0.04245587321966324
    },
    "acc": {
      "mean": 0.8281208233092756,
      "std": 0.0404493053124622
    },
    "f1": {
      "mean": 0.23126338329764454,
      "std": 0.3270558131398164
    },
    "loss": {
      "mean": 2.0810672590412964,
      "std": 1.2568993880917854
    }
  },
  "best_test": {
    "auroc": {
      "mean": 0.897657639585423,
      "std": 0.020194291745907558
    },
    "auprc": {
      "mean": 0.7228121006436469,
      "std": 0.04235746509101723
    },
    "acc": {
      "mean": 0.8281208233092756,
      "std": 0.0404493053124622
    },
    "f1": {
      "mean": 0.23126338329764454,
      "std": 0.3270558131398164
    },
    "loss": {
      "mean": 2.0863800251294315,
      "std": 1.2604266795749606
    }
  }
}