{
  "method": "fedavg",
  "scenario": "FR_S2_non_congruent_iid",
  "created_at_utc": "2026-03-03T11:28:46+00:00",
  "num_seeds": 3,
  "seeds": [
    7,
    11,
    17
  ],
  "final_test": {
    "auroc": {
      "mean": 0.792656636576396,
      "std": 0.002947936792157702
    },
    "auprc": {
      "mean": 0.521636813846087,
      "std": 0.010455194784976302
    },
    "acc": {
      "mean": 0.7481956696070569,
      "std": 0.017823665413707158
    },
    "f1": {
      "mean": 0.5221263713975515,
      "std": 0.007001608821935731
    },
    "loss": {
      "mean": 0.5500920974245941,
      "std": 0.014257837863549911
    }
  },
  "best_test": {
    "auroc": {
      "mean": 0.633267134737546,
      "std": 0.05708823887685413
    },
    "auprc": {
      "mean": 0.30312923215139737,
      "std": 0.04730639320296644
    },
    "acc": {
      "mean": 0.4803528468323977,
      "std": 0.0837566661168302
    },
    "f1": {
      "mean": 0.37389554107206724,
      "std": 0.03246760143503584
    },
    "loss": {
      "mean": 0.6507607851873519,
      "std": 0.021298006895479234
    }
  }
}