{
  "method": "fedgate",
  "scenario": "FR_S3_non_congruent_non_iid",
  "created_at_utc": "2026-03-03T12:28:02+00:00",
  "num_seeds": 3,
  "seeds": [
    7,
    11,
    17
  ],
  "final_test": {
    "auroc": {
      "mean": 0.7357860247408894,
      "std": 0.016338707778558028
    },
    "auprc": {
      "mean": 0.4045155032456997,
      "std": 0.042890609654672125
    },
    "acc": {
      "mean": 0.5739107190590751,
      "std": 0.01893553675319415
    },
    "f1": {
      "mean": 0.44306932132114235,
      "std": 0.0013657976243456468
    },
    "loss": {
      "mean": 0.5517888444616018,
      "std": 0.007664243588482608
    }
  },
  "best_test": {
    "auroc": {
      "mean": 0.6634236041457707,
      "std": 0.022046848592202795
    },
    "auprc": {
      "mean": 0.3343064555378259,
      "std": 0.009069489872079992
    },
    "acc": {
      "mean": 0.5509222133119486,
      "std": 0.09008246894338644
    },
    "f1": {
      "mean": 0.38398470266439483,
      "std": 0.01257852310037651
    },
    "loss": {
      "mean": 0.6315568791860553,
      "std": 0.0046834186013933864
    }
  }
}