{
  "client_0": {
    "auprc": 0.7846218989191833,
    "auroc": 0.912,
    "f1": 0.7117903930131004,
    "acc": 0.8941459502806736,
    "loss": 0.3064170591264318
  },
  "client_1": {
    "auprc": 0.7306879294278301,
    "auroc": 0.9111614844533601,
    "f1": 0.5425652667423383,
    "acc": 0.6768243785084203,
    "loss": 0.6936116251547813
  },
  "client_2": {
    "auprc": 0.5289464575002323,
    "auroc": 0.8234082246740221,
    "f1": 0.0,
    "acc": 0.7995188452285485,
    "loss": 1.6588169073666585
  },
  "client_3": {
    "auprc": 0.771397933770884,
    "auroc": 0.914431293881645,
    "f1": 0.6805293005671077,
    "acc": 0.8644747393744988,
    "loss": 0.321580689827633
  },
  "client_4": {
    "auprc": 0.7462382645168473,
    "auroc": 0.9027683049147442,
    "f1": 0.5363128491620112,
    "acc": 0.8668805132317562,
    "loss": 0.6597548511055535
  },
  "client_5": {
    "auprc": 0.20048115477145148,
    "auroc": 0.5,
    "f1": 0.33400133600534404,
    "acc": 0.20048115477145148,
    "loss": 16.71852458412397
  },
  "client_6": {
    "auprc": 0.5884160598975935,
    "auroc": 0.8265616850551655,
    "f1": 0.20905923344947736,
    "acc": 0.8179631114675221,
    "loss": 0.774876592440326
  },
  "client_7": {
    "auprc": 0.6487024036066178,
    "auroc": 0.8446700100300901,
    "f1": 0.4931506849315068,
    "acc": 0.8516439454691259,
    "loss": 0.4794359508163946
  },
  "client_8": {
    "auprc": 0.7179548522872138,
    "auroc": 0.8816609829488465,
    "f1": 0.6435185185185185,
    "acc": 0.8765036086607859,
    "loss": 0.38589711747794697
  },
  "client_9": {
    "auprc": 0.7769500502633861,
    "auroc": 0.9167683049147444,
    "f1": 0.7053571428571429,
    "acc": 0.8941459502806736,
    "loss": 0.30930945793437115
  }
}