{
  "method": "ditto_concat_personal",
  "scenario": "FR_S1_congruent_non_iid",
  "seed": 11,
  "loss": 0.3232209635419941,
  "auroc": 0.9269809428284854,
  "auprc": 0.7957622586297846,
  "acc": 0.8909382518043304,
  "f1": 0.695067264573991,
  "threshold": 0.4049999999999999,
  "is_personalized": true,
  "variant": "personal"
}