{
  "client_0": {
    "auprc": 0.7469949491568076,
    "auroc": 0.9001544633901706,
    "f1": 0.6404715127701375,
    "acc": 0.8532477947072975
  },
  "client_1": {
    "auprc": 0.7682623138502966,
    "auroc": 0.9106720160481444,
    "f1": 0.6807692307692308,
    "acc": 0.8668805132317562
  },
  "client_2": {
    "auprc": 0.7536510832312219,
    "auroc": 0.9038816449348044,
    "f1": 0.6679316888045541,
    "acc": 0.859663191659984
  },
  "client_3": {
    "auprc": 0.7908056382727571,
    "auroc": 0.9190712136409227,
    "f1": 0.7061068702290076,
    "acc": 0.8765036086607859
  },
  "client_4": {
    "auprc": 0.7330647895618305,
    "auroc": 0.8830772316950852,
    "f1": 0.6317991631799164,
    "acc": 0.8588612670408982
  },
  "client_5": {
    "auprc": 0.7636930760672326,
    "auroc": 0.8942066198595787,
    "f1": 0.6963249516441006,
    "acc": 0.8740978348035284
  },
  "client_6": {
    "auprc": 0.7328799063196885,
    "auroc": 0.908421263791374,
    "f1": 0.6738738738738739,
    "acc": 0.8548516439454691
  },
  "client_7": {
    "auprc": 0.751660472746559,
    "auroc": 0.9101444332998998,
    "f1": 0.6975806451612904,
    "acc": 0.8797113071371291
  },
  "client_8": {
    "auprc": 0.7643597899458617,
    "auroc": 0.9052316950852557,
    "f1": 0.6966292134831461,
    "acc": 0.8700882117080995
  },
  "client_9": {
    "auprc": 0.7320607111322229,
    "auroc": 0.8874764292878637,
    "f1": 0.6777163904235728,
    "acc": 0.859663191659984
  }
}