{
  "method": "fedgate",
  "scenario": "FR_S0_congruent_iid",
  "seed": 7,
  "loss": 0.2629619793206704,
  "auroc": 0.9273239719157471,
  "auprc": 0.8041078487954421,
  "acc": 0.8773055332798717,
  "f1": 0.7107750472589792,
  "threshold": 0.27499999999999997,
  "is_personalized": false
}