{
  "method": "ditto_concat_personal",
  "scenario": "FR_S0_congruent_iid",
  "created_at_utc": "2026-03-07T02:53:56+00:00",
  "num_seeds": 3,
  "seeds": [
    7,
    11,
    17
  ],
  "final_test": {
    "auroc": {
      "mean": 0.9286104981611502,
      "std": 0.0013235466661860923
    },
    "auprc": {
      "mean": 0.8121815014328293,
      "std": 0.0012928511694614742
    },
    "acc": {
      "mean": 0.8834536220261962,
      "std": 0.006720024105841488
    },
    "f1": {
      "mean": 0.7083901598826973,
      "std": 0.007236314905290799
    },
    "loss": {
      "mean": 0.2600143817001095,
      "std": 0.003018707321957903
    }
  },
  "best_test": {
    "auroc": {
      "mean": 0.929362754931461,
      "std": 0.0013911358760782214
    },
    "auprc": {
      "mean": 0.8132041008290832,
      "std": 0.0019096065905592494
    },
    "acc": {
      "mean": 0.8871959369152632,
      "std": 0.0037803089077067366
    },
    "f1": {
      "mean": 0.7100318695189213,
      "std": 0.008674640640693445
    },
    "loss": {
      "mean": 0.25933552999663484,
      "std": 0.0033039637266469323
    }
  }
}