{
  "methods": {
    "fedavg": {
      "S0": {
        "scenario_name": "FR_S0_congruent_iid",
        "scenario_label": "S0 (Congruent IID)",
        "seeds": {
          "7": {
            "best_test": {
              "auprc": 0.8089603280488497,
              "auroc": 0.9320341023069207,
              "f1": 0.722753346080306,
              "acc": 0.8837209302325582
            },
            "final_test": {
              "auprc": 0.8105800194470113,
              "auroc": 0.9326980942828486,
              "f1": 0.7269230769230769,
              "acc": 0.8861267040898155
            }
          },
          "11": {
            "best_test": {
              "auprc": 0.8035083374180112,
              "auroc": 0.929887662988967,
              "f1": 0.7225325884543762,
              "acc": 0.8805132317562149
            },
            "final_test": {
              "auprc": 0.8058661230872706,
              "auroc": 0.9303269809428284,
              "f1": 0.7081545064377682,
              "acc": 0.8909382518043304
            }
          },
          "17": {
            "best_test": {
              "auprc": 0.7952108535597603,
              "auroc": 0.92839518555667,
              "f1": 0.7107438016528925,
              "acc": 0.8877305533279871
            },
            "final_test": {
              "auprc": 0.7962625631152834,
              "auroc": 0.9285315947843531,
              "f1": 0.7131147540983607,
              "acc": 0.8877305533279871
            }
          }
        }
      },
      "S1": {
        "scenario_name": "FR_S1_congruent_non_iid",
        "scenario_label": "S1 (Congruent non-IID)",
        "seeds": {
          "7": {
            "best_test": {
              "auprc": 0.6950652222169973,
              "auroc": 0.8812497492477432,
              "f1": 0.0,
              "acc": 0.7995188452285485
            },
            "final_test": {
              "auprc": 0.6950652222169973,
              "auroc": 0.8812497492477432,
              "f1": 0.0,
              "acc": 0.7995188452285485
            }
          },
          "11": {
            "best_test": {
              "auprc": 0.7538615207164673,
              "auroc": 0.9168565697091274,
              "f1": 0.6846153846153846,
              "acc": 0.8684843624699278
            },
            "final_test": {
              "auprc": 0.7538615207164673,
              "auroc": 0.9168565697091274,
              "f1": 0.6846153846153846,
              "acc": 0.8684843624699278
            }
          },
          "17": {
            "best_test": {
              "auprc": 0.7255383082816023,
              "auroc": 0.8971995987963891,
              "f1": 0.0,
              "acc": 0.7995188452285485
            },
            "final_test": {
              "auprc": 0.7253021427852391,
              "auroc": 0.8974603811434303,
              "f1": 0.0,
              "acc": 0.7995188452285485
            }
          }
        }
      },
      "S2": {
        "scenario_name": "FR_S2_non_congruent_iid",
        "scenario_label": "S2 (Non-congruent IID)",
        "seeds": {
          "7": {
            "best_test": {
              "auprc": 0.3629641626913952,
              "auroc": 0.6855125376128386,
              "f1": 0.39671120246659813,
              "acc": 0.529270248596632
            },
            "final_test": {
              "auprc": 0.5355930320305275,
              "auroc": 0.7903370110330993,
              "f1": 0.527363184079602,
              "acc": 0.7714514835605453
            }
          },
          "11": {
            "best_test": {
              "auprc": 0.299128519615214,
              "auroc": 0.6604493480441325,
              "f1": 0.3969957081545064,
              "acc": 0.5493183640737771
            },
            "final_test": {
              "auprc": 0.5104296827062874,
              "auroc": 0.7908164493480442,
              "f1": 0.5122302158273381,
              "acc": 0.7281475541299118
            }
          },
          "17": {
            "best_test": {
              "auprc": 0.247295014147583,
              "auroc": 0.553839518555667,
              "f1": 0.32797971259509723,
              "acc": 0.3624699278267843
            },
            "final_test": {
              "auprc": 0.5188877268014461,
              "auroc": 0.7968164493480442,
              "f1": 0.5267857142857143,
              "acc": 0.7449879711307137
            }
          }
        }
      },
      "S3": {
        "scenario_name": "FR_S3_non_congruent_non_iid",
        "scenario_label": "S3 (Non-congruent non-IID)",
        "seeds": {
          "7": {
            "best_test": {
              "auprc": 0.3163973846002322,
              "auroc": 0.656641925777332,
              "f1": 0.3858643744030564,
              "acc": 0.4843624699278268
            },
            "final_test": {
              "auprc": 0.4271737109891044,
              "auroc": 0.7627863590772316,
              "f1": 0.5008403361344538,
              "acc": 0.7618283881315157
            }
          },
          "11": {
            "best_test": {
              "auprc": 0.2838411320924413,
              "auroc": 0.640038114343029,
              "f1": 0.38738738738738737,
              "acc": 0.5637530072173216
            },
            "final_test": {
              "auprc": 0.3289149672435578,
              "auroc": 0.6961163490471414,
              "f1": 0.3915343915343915,
              "acc": 0.723336006415397
            }
          },
          "17": {
            "best_test": {
              "auprc": 0.18490472158447635,
              "auroc": 0.42865997993981947,
              "f1": 0.1786407766990291,
              "acc": 0.6607858861267041
            },
            "final_test": {
              "auprc": 0.1889134460280833,
              "auroc": 0.44507522567703106,
              "f1": 0.2942122186495177,
              "acc": 0.29591018444266237
            }
          }
        }
      }
    },
    "fedgate": {
      "S0": {
        "scenario_name": "FR_S0_congruent_iid",
        "scenario_label": "S0 (Congruent IID)",
        "seeds": {
          "7": {
            "best_test": {
              "auprc": 0.8041034021515446,
              "auroc": 0.9272056168505516,
              "f1": 0.7099236641221374,
              "acc": 0.8781074578989575
            },
            "final_test": {
              "auprc": 0.8041078487954421,
              "auroc": 0.9273239719157471,
              "f1": 0.7107750472589792,
              "acc": 0.8773055332798717
            }
          },
          "11": {
            "best_test": {
              "auprc": 0.7934518806026106,
              "auroc": 0.9272256770310933,
              "f1": 0.7152777777777778,
              "acc": 0.8684843624699278
            },
            "final_test": {
              "auprc": 0.8023354523757797,
              "auroc": 0.9274964894684051,
              "f1": 0.6916299559471366,
              "acc": 0.8877305533279871
            }
          },
          "17": {
            "best_test": {
              "auprc": 0.800310770172146,
              "auroc": 0.9261424272818454,
              "f1": 0.697029702970297,
              "acc": 0.8773055332798717
            },
            "final_test": {
              "auprc": 0.8002693326080615,
              "auroc": 0.9261223671013039,
              "f1": 0.6981132075471698,
              "acc": 0.871692060946271
            }
          }
        }
      },
      "S1": {
        "scenario_name": "FR_S1_congruent_non_iid",
        "scenario_label": "S1 (Congruent non-IID)",
        "seeds": {
          "7": {
            "best_test": {
              "auprc": 0.7821458008551441,
              "auroc": 0.921087261785356,
              "f1": 0.6864406779661016,
              "acc": 0.8813151563753007
            },
            "final_test": {
              "auprc": 0.7822854567893365,
              "auroc": 0.9211715145436309,
              "f1": 0.6753812636165577,