{
  "method": "ditto_concat_global",
  "scenario": "FR_S0_congruent_iid",
  "created_at_utc": "2026-03-07T02:53:56+00:00",
  "num_seeds": 3,
  "seeds": [
    7,
    11,
    17
  ],
  "final_test": {
    "auroc": {
      "mean": 0.930941491140087,
      "std": 0.0016861544020375515
    },
    "auprc": {
      "mean": 0.8124935993065853,
      "std": 0.0035920258847144644
    },
    "acc": {
      "mean": 0.8866613205025393,
      "std": 0.006291687942229283
    },
    "f1": {
      "mean": 0.7122315187936455,
      "std": 0.0044051228158535505
    },
    "loss": {
      "mean": 0.2577925037181384,
      "std": 0.0005045108553346556
    }
  },
  "best_test": {
    "auroc": {
      "mean": 0.9307148110999665,
      "std": 0.0017419540761089097
    },
    "auprc": {
      "mean": 0.8120835757676108,
      "std": 0.0036256439839363773
    },
    "acc": {
      "mean": 0.8813151563753007,
      "std": 0.0028540706367365196
    },
    "f1": {
      "mean": 0.7088955057591204,
      "std": 0.005849308234970559
    },
    "loss": {
      "mean": 0.26109296019818656,
      "std": 0.0041682521711003135
    }
  }
}