{
  "client_0": {
    "auprc": 0.7501662960936359,
    "auroc": 0.9115947843530592,
    "f1": 0.6728280961182994,
    "acc": 0.8580593424218124
  },
  "client_1": {
    "auprc": 0.7559603056535853,
    "auroc": 0.9063991975927783,
    "f1": 0.6705882352941176,
    "acc": 0.8652766639935846
  },
  "client_2": {
    "auprc": 0.7178775312632841,
    "auroc": 0.9037572718154463,
    "f1": 0.6572008113590264,
    "acc": 0.8644747393744988
  },
  "client_3": {
    "auprc": 0.739009627560379,
    "auroc": 0.9063249749247743,
    "f1": 0.6666666666666666,
    "acc": 0.8532477947072975
  },
  "client_4": {
    "auprc": 0.7841015503652603,
    "auroc": 0.9160682046138415,
    "f1": 0.704225352112676,
    "acc": 0.8821170809943866
  },
  "client_5": {
    "auprc": 0.7471925693813669,
    "auroc": 0.8871253761283852,
    "f1": 0.6889763779527559,
    "acc": 0.8732959101844426
  },
  "client_6": {
    "auprc": 0.7551272940961878,
    "auroc": 0.9064794383149448,
    "f1": 0.6859205776173285,
    "acc": 0.8604651162790697
  },
  "client_7": {
    "auprc": 0.7619088111986618,
    "auroc": 0.9117693079237713,
    "f1": 0.700587084148728,
    "acc": 0.8773055332798717
  },
  "client_8": {
    "auprc": 0.748061964375946,
    "auroc": 0.9045336008024073,
    "f1": 0.6859344894026975,
    "acc": 0.8692862870890137
  },
  "client_9": {
    "auprc": 0.7341844472626816,
    "auroc": 0.9016409227683049,
    "f1": 0.6705202312138728,
    "acc": 0.8628708901363272
  }
}