{
  "method": "fedgate",
  "scenario": "FR_S0_congruent_iid",
  "seed": 17,
  "loss": 0.26423047453416343,
  "auroc": 0.9261223671013039,
  "auprc": 0.8002693326080615,
  "acc": 0.871692060946271,
  "f1": 0.6981132075471698,
  "threshold": 0.26999999999999996,
  "is_personalized": false
}