{
  "method": "fedavg_mean",
  "scenario": "FR_S1_congruent_non_iid",
  "seed": 17,
  "loss": 2.9266740302611276,
  "auroc": 0.8974603811434303,
  "auprc": 0.7253021427852391,
  "acc": 0.7995188452285485,
  "f1": 0.0,
  "threshold": 0.49999999999999994,
  "is_personalized": false
}