{
  "client_0": {
    "auprc": 0.7590412210810836,
    "auroc": 0.9102306920762286,
    "f1": 0.6885245901639344,
    "acc": 0.8628708901363272,
    "loss": 0.32513924778917835
  },
  "client_1": {
    "auprc": 0.7546266881363641,
    "auroc": 0.8964694082246739,
    "f1": 0.6666666666666666,
    "acc": 0.867682437850842,
    "loss": 0.3620557295428865
  },
  "client_2": {
    "auprc": 0.7336394739937231,
    "auroc": 0.9082046138415245,
    "f1": 0.6681318681318681,
    "acc": 0.8789093825180433,
    "loss": 0.38306323030206235
  },
  "client_3": {
    "auprc": 0.7361008397649794,
    "auroc": 0.9011253761283852,
    "f1": 0.5898123324396782,
    "acc": 0.7546110665597434,
    "loss": 0.4863405621281221
  },
  "client_4": {
    "auprc": 0.7804984339352552,
    "auroc": 0.908308926780341,
    "f1": 0.6879699248120301,
    "acc": 0.8668805132317562,
    "loss": 0.3087422684157669
  },
  "client_5": {
    "auprc": 0.756022765374007,
    "auroc": 0.8877873620862589,
    "f1": 0.7081545064377682,
    "acc": 0.8909382518043304,
    "loss": 0.34079737974138097
  },
  "client_6": {
    "auprc": 0.7512955925934371,
    "auroc": 0.9022527582748245,
    "f1": 0.6608695652173913,
    "acc": 0.8436246992782679,
    "loss": 0.3619827404259775
  },
  "client_7": {
    "auprc": 0.7802827372394742,
    "auroc": 0.9112196589769308,
    "f1": 0.714859437751004,
    "acc": 0.8861267040898155,
    "loss": 0.3285260841059226
  },
  "client_8": {
    "auprc": 0.7713787477893786,
    "auroc": 0.907765295887663,
    "f1": 0.7053941908713693,
    "acc": 0.8861267040898155,
    "loss": 0.32874096952133786
  },
  "client_9": {
    "auprc": 0.738857411078005,
    "auroc": 0.9006359077231696,
    "f1": 0.6798561151079137,
    "acc": 0.8572574178027266,
    "loss": 0.3354799140964686
  }
}