{
  "method": "ditto_concat_personal",
  "scenario": "FR_S0_congruent_iid",
  "seed": 17,
  "loss": 0.259348054933424,
  "auroc": 0.9274543630892678,
  "auprc": 0.8113834121123057,
  "acc": 0.8813151563753007,
  "f1": 0.7142857142857143,
  "threshold": 0.35999999999999993,
  "is_personalized": true,
  "variant": "personal"
}