{
  "client_0": {
    "auprc": 0.7530411236271041,
    "auroc": 0.9070190571715147,
    "f1": 0.6573426573426573,
    "acc": 0.842822774659182
  },
  "client_1": {
    "auprc": 0.766575924948106,
    "auroc": 0.9086519558676027,
    "f1": 0.6727272727272727,
    "acc": 0.8556535685645549
  },
  "client_2": {
    "auprc": 0.753637478472475,
    "auroc": 0.9180762286860582,
    "f1": 0.7005253940455342,
    "acc": 0.8628708901363272
  },
  "client_3": {
    "auprc": 0.7813114476320727,
    "auroc": 0.9209448345035105,
    "f1": 0.6903553299492385,
    "acc": 0.8532477947072975
  },
  "client_4": {
    "auprc": 0.7739548307572952,
    "auroc": 0.9159899699097291,
    "f1": 0.6924493554327809,
    "acc": 0.8660785886126704
  },
  "client_5": {
    "auprc": 0.7453154081562394,
    "auroc": 0.9025035105315947,
    "f1": 0.6795774647887324,
    "acc": 0.8540497193263833
  },
  "client_6": {
    "auprc": 0.7704916427659839,
    "auroc": 0.897901705115346,
    "f1": 0.6642728904847397,
    "acc": 0.8500400962309543
  },
  "client_7": {
    "auprc": 0.7508131373943744,
    "auroc": 0.9159839518555666,
    "f1": 0.6735751295336787,
    "acc": 0.8484362469927826
  },
  "client_8": {
    "auprc": 0.73233512889169,
    "auroc": 0.8934844533600803,
    "f1": 0.6641929499072357,
    "acc": 0.8548516439454691
  },
  "client_9": {
    "auprc": 0.7440113800618366,
    "auroc": 0.9007362086258777,
    "f1": 0.6520947176684881,
    "acc": 0.846832397754611
  }
}