{
  "method": "fedgate",
  "scenario": "FR_S0_congruent_iid",
  "seed": 11,
  "loss": 0.2665498079053236,
  "auroc": 0.9274964894684051,
  "auprc": 0.8023354523757797,
  "acc": 0.8877305533279871,
  "f1": 0.6916299559471366,
  "threshold": 0.4549999999999999,
  "is_personalized": false
}