{
  "method": "ditto_concat_personal",
  "scenario": "FR_S1_congruent_non_iid",
  "created_at_utc": "2026-03-10T16:56:30+00:00",
  "num_seeds": 3,
  "seeds": [
    7,
    11,
    17
  ],
  "final_test": {
    "auroc": {
      "mean": 0.9243717820127048,
      "std": 0.00535461829927276
    },
    "auprc": {
      "mean": 0.791333408374344,
      "std": 0.011680905177761694
    },
    "acc": {
      "mean": 0.8759689922480621,
      "std": 0.012802919021468113
    },
    "f1": {
      "mean": 0.698655979859585,
      "std": 0.012214672871032605
    },
    "loss": {
      "mean": 0.3925963483683756,
      "std": 0.05189507503618603
    }
  },
  "best_test": {
    "auroc": {
      "mean": 0.9238876629889669,
      "std": 0.005183520634054937
    },
    "auprc": {
      "mean": 0.790839568612348,
      "std": 0.01162181750465332
    },
    "acc": {
      "mean": 0.8727612937717187,
      "std": 0.014878289281021933
    },
    "f1": {
      "mean": 0.6966714211178889,
      "std": 0.007338535830335052
    },
    "loss": {
      "mean": 0.39322554575642926,
      "std": 0.05264414980502012
    }
  }
}