{
  "client_0": {
    "auprc": 0.20048115477145148,
    "auroc": 0.5,
    "f1": 0.33400133600534404,
    "acc": 0.20048115477145148,
    "loss": 15.747293567122128
  },
  "client_1": {
    "auprc": 0.20048115477145148,
    "auroc": 0.5,
    "f1": 0.33400133600534404,
    "acc": 0.20048115477145148,
    "loss": 12.628007169140751
  },
  "client_2": {
    "auprc": 0.801638066535284,
    "auroc": 0.9228565697091273,
    "f1": 0.6837881219903692,
    "acc": 0.8420208500400962,
    "loss": 0.30506978520366224
  },
  "client_3": {
    "auprc": 0.7872209773072555,
    "auroc": 0.9142668004012036,
    "f1": 0.6746575342465754,
    "acc": 0.8476343223736968,
    "loss": 0.3052873689720128
  },
  "client_4": {
    "auprc": 0.2914157544148738,
    "auroc": 0.5987382146439318,
    "f1": 0.0,
    "acc": 0.7995188452285485,
    "loss": 4.511226963499784
  },
  "client_5": {
    "auprc": 0.29322906674972904,
    "auroc": 0.610224674022066,
    "f1": 0.0,
    "acc": 0.7995188452285485,
    "loss": 4.210705730278394
  },
  "client_6": {
    "auprc": 0.26959225123686703,
    "auroc": 0.6213901705115346,
    "f1": 0.0,
    "acc": 0.7995188452285485,
    "loss": 3.756315255987233
  },
  "client_7": {
    "auprc": 0.7060444026382224,
    "auroc": 0.8657352056168506,
    "f1": 0.47126436781609193,
    "acc": 0.8524458700882117,
    "loss": 0.4931607924897669
  },
  "client_8": {
    "auprc": 0.795001231100694,
    "auroc": 0.9232878635907724,
    "f1": 0.6176470588235294,
    "acc": 0.7706495589414595,
    "loss": 0.4432273776940374
  },
  "client_9": {
    "auprc": 0.29532156602647713,
    "auroc": 0.6150651955867602,
    "f1": 0.0,
    "acc": 0.7995188452285485,
    "loss": 4.702786780015506
  }
}