{
  "client_0": {
    "auprc": 0.30486764936971245,
    "auroc": 0.6456870611835507,
    "f1": 0.0,
    "acc": 0.7995188452285485,
    "loss": 4.556335248465335
  },
  "client_1": {
    "auprc": 0.20048115477145148,
    "auroc": 0.5,
    "f1": 0.33400133600534404,
    "acc": 0.20048115477145148,
    "loss": 15.612169227508325
  },
  "client_2": {
    "auprc": 0.4870990206319534,
    "auroc": 0.7507321965897693,
    "f1": 0.0,
    "acc": 0.7995188452285485,
    "loss": 1.4422003866532562
  },
  "client_3": {
    "auprc": 0.7221302843142232,
    "auroc": 0.8739699097291875,
    "f1": 0.6328502415458938,
    "acc": 0.8781074578989575,
    "loss": 0.41705755001559863
  },
  "client_4": {
    "auprc": 0.3158108283420102,
    "auroc": 0.6652577733199598,
    "f1": 0.0,
    "acc": 0.7995188452285485,
    "loss": 4.712710556643623
  },
  "client_5": {
    "auprc": 0.6453202140822658,
    "auroc": 0.8580180541624874,
    "f1": 0.33692722371967654,
    "acc": 0.21090617481956697,
    "loss": 1.5512243699530361
  },
  "client_6": {
    "auprc": 0.7510000476412907,
    "auroc": 0.9133580742226681,
    "f1": 0.6688524590163935,
    "acc": 0.8380112269446672,
    "loss": 0.3633252702527937
  },
  "client_7": {
    "auprc": 0.7532997106211246,
    "auroc": 0.9074724172517552,
    "f1": 0.6679316888045541,
    "acc": 0.859663191659984,
    "loss": 0.33053114649383375
  },
  "client_8": {
    "auprc": 0.20048115477145148,
    "auroc": 0.5,
    "f1": 0.33400133600534404,
    "acc": 0.20048115477145148,
    "loss": 16.49679226481446
  },
  "client_9": {
    "auprc": 0.7068425006332131,
    "auroc": 0.8767081243731194,
    "f1": 0.44108761329305135,
    "acc": 0.8516439454691259,
    "loss": 0.8274098564217162
  }
}