{
  "method": "fedgate",
  "scenario": "FR_S2_non_congruent_iid",
  "created_at_utc": "2026-03-03T11:51:27+00:00",
  "num_seeds": 3,
  "seeds": [
    7,
    11,
    17
  ],
  "final_test": {
    "auroc": {
      "mean": 0.7838950183884988,
      "std": 0.04768370482849699
    },
    "auprc": {
      "mean": 0.5420554632011702,
      "std": 0.08668291952772487
    },
    "acc": {
      "mean": 0.5463779738037958,
      "std": 0.18934291449764432
    },
    "f1": {
      "mean": 0.45132284003745865,
      "std": 0.07194403004868839
    },
    "loss": {
      "mean": 0.549920492180403,
      "std": 0.01865549492835332
    }
  },
  "best_test": {
    "auroc": {
      "mean": 0.6823423604145771,
      "std": 0.0535760716368985
    },
    "auprc": {
      "mean": 0.35291376200975116,
      "std": 0.054062349626228835
    },
    "acc": {
      "mean": 0.47767976476877844,
      "std": 0.07466181870393039
    },
    "f1": {
      "mean": 0.3925742308933824,
      "std": 0.04396021670672602
    },
    "loss": {
      "mean": 0.6439030742112771,
      "std": 0.016940846386279455
    }
  }
}