{
  "method": "fedavg_concat",
  "scenario": "FR_S2_non_congruent_iid",
  "seed": 11,
  "loss": 0.2680762355554171,
  "auroc": 0.9268485456369108,
  "auprc": 0.7924022830722475,
  "acc": 0.8861267040898155,
  "f1": 0.7041666666666667,
  "threshold": 0.3449999999999999,
  "is_personalized": false
}