{
  "method": "fedavg_concat",
  "scenario": "FR_S0_congruent_iid",
  "seed": 11,
  "loss": 0.2573098776191354,
  "auroc": 0.9307582748244735,
  "auprc": 0.8124945932197832,
  "acc": 0.8941459502806736,
  "f1": 0.7105263157894737,
  "threshold": 0.48999999999999994,
  "is_personalized": false
}