{
  "method": "centralized",
  "scenario": "FR_S0_congruent_iid",
  "created_at_utc": "2026-03-02T11:50:29+00:00",
  "num_seeds": 3,
  "seeds": [
    7,
    11,
    17
  ],
  "final_test": {
    "auroc": {
      "mean": 0.9338281511200268,
      "std": 0.005642904025051693
    },
    "auprc": {
      "mean": 0.8196649787577025,
      "std": 0.013932502137441367
    },
    "acc": {
      "mean": 0.8879978615343491,
      "std": 0.01300228442343255
    },
    "f1": {
      "mean": 0.6517828846796626,
      "std": 0.07077926351127288
    },
    "loss": {
      "mean": 0.55678037492286,
      "std": 0.1493614276470742
    }
  },
  "best_test": {
    "auroc": {
      "mean": 0.9426265463055833,
      "std": 0.0021671534194802307
    },
    "auprc": {
      "mean": 0.8492639727359926,
      "std": 0.005069779849502823
    },
    "acc": {
      "mean": 0.8917401764234162,
      "std": 0.015341721306903757
    },
    "f1": {
      "mean": 0.7450910729514638,
      "std": 0.013891351758859683
    },
    "loss": {
      "mean": 0.23951497418017778,
      "std": 0.011818143588912818
    }
  }
}