{
  "method": "ditto_concat_global",
  "scenario": "FR_S1_congruent_non_iid",
  "seed": 7,
  "loss": 3.020148362363924,
  "auroc": 0.8750812437311936,
  "auprc": 0.6778438473745265,
  "acc": 0.7995188452285485,
  "f1": 0.0,
  "threshold": 0.49999999999999994,
  "is_personalized": false,
  "variant": "global"
}