{
  "method": "fedavg_concat",
  "scenario": "FR_S2_non_congruent_iid",
  "seed": 7,
  "loss": 0.2662645472929109,
  "auroc": 0.9263189568706118,
  "auprc": 0.7949555212343523,
  "acc": 0.8829190056134724,
  "f1": 0.7068273092369478,
  "threshold": 0.31999999999999995,
  "is_personalized": false
}