{
  "method": "ditto_concat_global",
  "scenario": "FR_S1_congruent_non_iid",
  "seed": 17,
  "loss": 2.871992793576471,
  "auroc": 0.898655967903711,
  "auprc": 0.7252005453293505,
  "acc": 0.7995188452285485,
  "f1": 0.0,
  "threshold": 0.49999999999999994,
  "is_personalized": false,
  "variant": "global"
}