{
  "method": "fedavg_mean",
  "scenario": "FR_S1_congruent_non_iid",
  "created_at_utc": "2026-03-07T07:10:26+00:00",
  "num_seeds": 3,
  "seeds": [
    7,
    11,
    17
  ],
  "final_test": {
    "auroc": {
      "mean": 0.898522233366767,
      "std": 0.014555802129516732
    },
    "auprc": {
      "mean": 0.7247429619062347,
      "std": 0.02400674477101907
    },
    "acc": {
      "mean": 0.822507350975675,
      "std": 0.032510656606278006
    },
    "f1": {
      "mean": 0.2282051282051282,
      "std": 0.32273078731078325
    },
    "loss": {
      "mean": 2.1019889326759658,
      "std": 1.253786113850787
    }
  },
  "best_test": {
    "auroc": {
      "mean": 0.8984353059177533,
      "std": 0.014562661041390628
    },
    "auprc": {
      "mean": 0.7248216837383556,
      "std": 0.0240088364616264
    },
    "acc": {
      "mean": 0.822507350975675,
      "std": 0.032510656606278006
    },
    "f1": {
      "mean": 0.2282051282051282,
      "std": 0.32273078731078325
    },
    "loss": {
      "mean": 2.100284839387056,
      "std": 1.2526670533196023
    }
  }
}