{
  "method": "fedavg_mean",
  "scenario": "FR_S0_congruent_iid",
  "created_at_utc": "2026-03-06T16:34:24+00:00",
  "num_seeds": 3,
  "seeds": [
    7,
    11,
    17
  ],
  "final_test": {
    "auroc": {
      "mean": 0.9306566365763959,
      "std": 0.0017742518729727196
    },
    "auprc": {
      "mean": 0.8044485179576836,
      "std": 0.006263644217164573
    },
    "acc": {
      "mean": 0.8879978615343491,
      "std": 0.002299472137675128
    },
    "f1": {
      "mean": 0.7155990305433929,
      "std": 0.007306929336579456
    },
    "loss": {
      "mean": 0.25767943938206744,
      "std": 0.0024679889457749353
    }
  },
  "best_test": {
    "auroc": {
      "mean": 0.9303838181210299,
      "std": 0.001859659403170191
    },
    "auprc": {
      "mean": 0.8034591848408393,
      "std": 0.006714757784583652
    },
    "acc": {
      "mean": 0.8845228548516438,
      "std": 0.003000527174638283
    },
    "f1": {
      "mean": 0.719248841660676,
      "std": 0.006065767370156474
    },
    "loss": {
      "mean": 0.2583660705543335,
      "std": 0.002835664834844535
    }
  }
}